id;name;duration;Nb_workers;Nb_workers_min;Nb_workers_max;schedule_type;profession;no_interaptions;task_groups;poste;team;aircraft;start;end
10;10;401;1;1;1;1;Assemblage;false;;Bвti_T15___1;EQUIPE POSTE 1;2;8371;10412
100;100;127;1;1;1;2;Assemblage;false;;Bвti_T15___1;EQUIPE POSTE 1;2;3610;3737
101;101;270;1;1;1;2;Assemblage;false;;Bвti_T15___1;EQUIPE POSTE 1;2;3467;3737
102;102;270;1;1;1;2;Assemblage;false;;Bвti_T15___1;EQUIPE POSTE 1;2;3340;3610
103;103;184;1;1;1;2;Assemblage;false;ROBOT;Bвti_T15___1;EQUIPE POSTE 1;2;4428;5492
104;104;268;1;1;1;2;Assemblage;false;ROBOT;Bвti_T15___1;EQUIPE POSTE 1;2;4160;4428
105;105;268;1;1;1;2;Assemblage;false;ROBOT;Bвti_T15___1;EQUIPE POSTE 1;2;3708;3976
106;106;184;1;1;1;2;Assemblage;false;ROBOT;Bвti_T15___1;EQUIPE POSTE 1;2;3976;4160
107;107;77;1;1;1;2;Assemblage;false;Fix Zone Robot;Bвti_T15___1;EQUIPE POSTE 1;2;6204;6281
108;108;77;1;1;1;2;Assemblage;false;Fix Zone Robot;Bвti_T15___1;EQUIPE POSTE 1;2;6281;6358
109;109;113;1;1;1;2;Assemblage;false;Fix Zone Robot;Bвti_T15___1;EQUIPE POSTE 1;2;6358;6471
11;11;354;1;1;1;1;Assemblage;false;;Bвti_T15___1;EQUIPE POSTE 1;2;6083;8077
110;110;113;1;1;1;2;Assemblage;false;Fix Zone Robot;Bвti_T15___1;EQUIPE POSTE 1;2;6471;6584
111;111;77;1;1;1;2;Assemblage;false;Fix Zone Robot;Bвti_T15___1;EQUIPE POSTE 1;2;6584;6661
112;112;77;1;1;1;2;Assemblage;false;Fix Zone Robot;Bвti_T15___1;EQUIPE POSTE 1;2;6661;6738
113;113;113;1;1;1;2;Assemblage;false;Fix Zone Robot;Bвti_T15___1;EQUIPE POSTE 1;2;6738;6851
114;114;113;1;1;1;2;Assemblage;false;Fix Zone Robot;Bвti_T15___1;EQUIPE POSTE 1;2;6851;7844
115;115;74;1;1;1;2;Assemblage;false;Cornes;Bвti_T15___1;EQUIPE POSTE 1;2;5504;5578
116;116;74;1;1;1;2;Assemblage;false;Cornes;Bвti_T15___1;EQUIPE POSTE 1;2;5578;5652
117;117;92;1;1;1;2;Assemblage;false;Cornes;Bвti_T15___1;EQUIPE POSTE 1;2;5652;5744
118;118;110;1;1;1;2;Assemblage;false;Cornes;Bвti_T15___1;EQUIPE POSTE 1;2;5744;5854
119;119;74;1;1;1;2;Assemblage;false;Cornes;Bвti_T15___1;EQUIPE POSTE 1;2;5854;5928
12;12;492;1;1;1;1;Assemblage;false;;Chariot_T34_sup___1;EQUIPE POSTE 1;3;12842;13334
120;120;74;1;1;1;2;Assemblage;false;Cornes;Bвti_T15___1;EQUIPE POSTE 1;2;5928;6002
121;121;92;1;1;1;2;Assemblage;false;Cornes;Bвti_T15___1;EQUIPE POSTE 1;2;6002;6094
122;122;110;1;1;1;2;Assemblage;false;Cornes;Bвti_T15___1;EQUIPE POSTE 1;2;6094;6204
123;123;67;1;1;1;2;Assemblage;false;Fix Eclisse C20 G;Bвti_T15___1;EQUIPE POSTE 1;2;13414;13481
124;124;693;1;1;1;2;Assemblage;false;Fix Eclisse C20 G;Bвti_T15___1;EQUIPE POSTE 1;2;13481;15054
125;125;67;1;1;1;2;Assemblage;false;Fix Eclisse C20 D;Bвti_T15___1;EQUIPE POSTE 1;2;13414;13481
126;126;693;1;1;1;2;Assemblage;false;Fix Eclisse C20 D;Bвti_T15___1;EQUIPE POSTE 1;2;13481;15054
127;127;46;1;1;1;2;Assemblage;false;Fix Eclisse C26 G;Bвti_T15___1;EQUIPE POSTE 1;2;12640;12686
128;128;666;1;1;1;2;Assemblage;false;Fix Eclisse C26 G;Bвti_T15___1;EQUIPE POSTE 1;2;12686;13352
129;129;46;1;1;1;2;Assemblage;false;Fix Eclisse C26 D;Bвti_T15___1;EQUIPE POSTE 1;2;12640;12686
13;13;492;1;1;1;2;Assemblage;false;;Chariot_T34_sup___1;EQUIPE POSTE 1;3;18468;18960
130;130;666;1;1;1;2;Assemblage;false;Fix Eclisse C26 D;Bвti_T15___1;EQUIPE POSTE 1;2;12686;13352
131;131;24;1;1;1;2;Assemblage;false;Pose Fix C26-C33;Bвti_T15___1;EQUIPE POSTE 1;2;3803;3827
132;132;202;1;1;1;2;Assemblage;false;Pose Fix C26-C33;Bвti_T15___1;EQUIPE POSTE 1;2;3827;4029
133;133;16;1;1;1;2;Assemblage;false;Pose Fix C26-C33;Bвti_T15___1;EQUIPE POSTE 1;2;4029;4045
134;134;138;1;1;1;2;Assemblage;false;Pose Fix C26-C33;Bвti_T15___1;EQUIPE POSTE 1;2;4045;4183
135;135;24;1;1;1;2;Assemblage;false;Pose Fix C26-C33;Bвti_T15___1;EQUIPE POSTE 1;2;4183;4207
136;136;202;1;1;1;2;Assemblage;false;Pose Fix C26-C33;Bвti_T15___1;EQUIPE POSTE 1;2;4207;4409
137;137;16;1;1;1;2;Assemblage;false;Pose Fix C26-C33;Bвti_T15___1;EQUIPE POSTE 1;2;4409;4425
138;138;138;1;1;1;2;Assemblage;false;Pose Fix C26-C33;Bвti_T15___1;EQUIPE POSTE 1;2;4425;5443
139;139;78;1;1;1;2;Assemblage;false;Cornes_Obturateurs;Bвti_T15___1;EQUIPE POSTE 1;2;3803;3881
14;14;150;1;1;1;2;Assemblage;false;;Chariot_T34_sup___1;EQUIPE POSTE 1;3;18660;18810
140;140;246;1;1;1;2;Assemblage;false;Cornes_Obturateurs;Bвti_T15___1;EQUIPE POSTE 1;2;3881;4127
141;141;190;1;1;1;2;Assemblage;false;Poutres;Bвti_T15___1;EQUIPE POSTE 1;2;9330;10400
142;142;190;1;1;1;2;Assemblage;false;Poutres;Bвti_T15___1;EQUIPE POSTE 1;2;10400;10590
143;143;378;1;1;1;2;Assemblage;false;Poutres;Bвti_T15___1;EQUIPE POSTE 1;2;10590;10968
144;144;190;1;1;1;2;Assemblage;false;Poutres;Bвti_T15___1;EQUIPE POSTE 1;2;10968;11158
145;145;190;1;1;1;2;Assemblage;false;Poutres;Bвti_T15___1;EQUIPE POSTE 1;2;11158;11348
146;146;381;1;1;1;2;Assemblage;false;Poutres;Bвti_T15___1;EQUIPE POSTE 1;2;11348;11729
147;147;150;1;1;1;2;Controleur;false;;Bвti_T15___1;EQUIPE POSTE 1;2;16200;16350
148;148;100;2;2;2;2;Controleur;false;;Bвti_T15___1;EQUIPE POSTE 1;2;18625;18725
149;149;23;1;1;1;2;Assemblage;false;Alйsage Corniиre + Obturateurs C33;Bвti_T15___1;EQUIPE POSTE 1;2;1445;1468
15;15;150;1;1;1;2;Assemblage;false;;Chariot_T34_sup___1;EQUIPE POSTE 1;3;18810;18960
150;150;138;1;1;1;2;Assemblage;false;Alйsage Corniиre + Obturateurs C33;Bвti_T15___1;EQUIPE POSTE 1;2;1813;1951
151;151;23;1;1;1;2;Assemblage;false;Alйsage Corniиre + Obturateurs C33;Bвti_T15___1;EQUIPE POSTE 1;2;1468;1491
152;152;138;1;1;1;2;Assemblage;false;Alйsage Corniиre + Obturateurs C33;Bвti_T15___1;EQUIPE POSTE 1;2;1951;2089
153;153;542;1;1;1;2;Assemblage;false;Perзage C33 G;Bвti_T15___1;EQUIPE POSTE 1;2;5504;6046
154;154;542;1;1;1;2;Assemblage;false;Perзage C33 D;Bвti_T15___1;EQUIPE POSTE 1;2;5504;6046
155;155;23;1;1;1;2;Assemblage;false;Perзage C33 G;Bвti_T15___1;EQUIPE POSTE 1;2;6046;6069
156;156;138;1;1;1;2;Assemblage;false;Perзage C33 G;Bвti_T15___1;EQUIPE POSTE 1;2;6069;6207
157;157;23;1;1;1;2;Assemblage;false;Perзage C33 D;Bвti_T15___1;EQUIPE POSTE 1;2;6046;6069
158;158;138;1;1;1;2;Assemblage;false;Perзage C33 D;Bвti_T15___1;EQUIPE POSTE 1;2;6069;6207
159;159;598;1;1;1;2;Assemblage;false;Corniиre-Voile C33 INF;Bвti_T15___1;EQUIPE POSTE 1;2;6204;6802
16;16;671;1;1;1;2;Assemblage;false;;Chariot_T5___1;EQUIPE POSTE 1;3;18289;18960
160;160;92;1;1;1;2;Assemblage;false;Corniиre-Voile C33 INF;Bвti_T15___1;EQUIPE POSTE 1;2;5504;5596
161;161;253;1;1;1;2;Assemblage;false;Corniиre-Voile C33 INF;Bвti_T15___1;EQUIPE POSTE 1;2;5596;5849
162;162;92;1;1;1;2;Assemblage;false;Corniиre-Voile C33 INF;Bвti_T15___1;EQUIPE POSTE 1;2;5849;5941
163;163;253;1;1;1;2;Assemblage;false;Corniиre-Voile C33 INF;Bвti_T15___1;EQUIPE POSTE 1;2;5941;6194
164;164;230;1;1;1;2;Assemblage;false;Perзage C33 G;Bвti_T15___1;EQUIPE POSTE 1;2;6207;6437
165;165;460;1;1;1;2;Assemblage;false;Perзage C33 G;Bвti_T15___1;EQUIPE POSTE 1;2;6437;6897
166;166;230;1;1;1;2;Assemblage;false;Perзage C33 D;Bвti_T15___1;EQUIPE POSTE 1;2;6207;6437
167;167;460;1;1;1;2;Assemblage;false;Perзage C33 D;Bвti_T15___1;EQUIPE POSTE 1;2;6437;6897
168;168;46;2;2;2;2;Assemblage;false;Perзage C33 D;Bвti_T15___1;EQUIPE POSTE 1;2;6897;6943
169;169;92;2;2;2;2;Assemblage;false;Perзage C33 D;Bвti_T15___1;EQUIPE POSTE 1;2;6943;7915
17;17;35;5;4;5;2;Assemblage;false;;Bвti_T15___1;EQUIPE POSTE 1;2;644;679
170;170;322;2;2;2;2;Assemblage;false;Perзage C33 D;Bвti_T15___1;EQUIPE POSTE 1;2;7915;8237
171;171;154;3;3;3;2;Assemblage;false;Manip Tronзons_Interpo;Bвti_T15___1;EQUIPE POSTE 1;2;8237;8391
172;172;16;3;3;3;2;Assemblage;false;Manip Tronзons_Interpo;Bвti_T15___1;EQUIPE POSTE 1;2;8391;8407
173;173;23;3;3;3;2;Assemblage;false;Manip Tronзons_Interpo;Bвti_T15___1;EQUIPE POSTE 1;2;8407;8430
174;174;23;3;3;3;2;Assemblage;false;Manip Tronзons_Interpo;Bвti_T15___1;EQUIPE POSTE 1;2;8430;8453
175;175;31;3;3;3;2;Assemblage;false;Manip Tronзons_Interpo;Bвti_T15___1;EQUIPE POSTE 1;2;8563;8594
176;176;308;2;2;2;2;Assemblage;false;Fixation C33;Bвti_T15___1;EQUIPE POSTE 1;2;8594;8902
177;177;308;2;2;2;2;Assemblage;false;Fixation C33;Bвti_T15___1;EQUIPE POSTE 1;2;8999;9307
178;178;689;1;1;1;2;Assemblage;false;Fix Poutre A400_C33;Bвti_T15___1;EQUIPE POSTE 1;2;10992;11681
179;179;46;1;1;1;2;Assemblage;false;Cornes_Obturateurs;Bвti_T15___1;EQUIPE POSTE 1;2;4127;4173
18;18;37;5;4;5;2;Assemblage;false;;Bвti_T15___1;EQUIPE POSTE 1;2;698;735
180;180;172;1;1;1;2;Assemblage;false;Cornes_Obturateurs;Bвti_T15___1;EQUIPE POSTE 1;2;4173;4345
181;181;46;1;1;1;2;Assemblage;false;Cornes_Obturateurs;Bвti_T15___1;EQUIPE POSTE 1;2;4345;4391
182;182;172;1;1;1;2;Assemblage;false;Cornes_Obturateurs;Bвti_T15___1;EQUIPE POSTE 1;2;4391;5443
183;183;23;2;2;2;2;Assemblage;false;Fixation C33;Bвti_T15___1;EQUIPE POSTE 1;2;8902;8925
184;184;74;2;2;2;2;Assemblage;false;Fixation C33;Bвti_T15___1;EQUIPE POSTE 1;2;8925;8999
185;185;23;2;2;2;2;Assemblage;false;Fixation C33;Bвti_T15___1;EQUIPE POSTE 1;2;9307;9330
186;186;74;2;2;2;2;Assemblage;false;Fixation C33;Bвti_T15___1;EQUIPE POSTE 1;2;9330;10284
187;187;55;3;3;3;2;Assemblage;false;Manip Tronзons_Interpo;Bвti_T15___1;EQUIPE POSTE 1;2;8453;8508
188;188;380;1;1;1;2;Assemblage;false;Fix Poutre A400_C33;Bвti_T15___1;EQUIPE POSTE 1;2;8974;9354
189;189;55;3;3;3;2;Assemblage;false;Manip Tronзons_Interpo;Bвti_T15___1;EQUIPE POSTE 1;2;8508;8563
19;19;120;5;4;6;2;Assemblage;false;;Bвti_T15___1;EQUIPE POSTE 1;2;735;855
190;190;380;1;1;1;2;Assemblage;false;Fix Poutre A400_C33;Bвti_T15___1;EQUIPE POSTE 1;2;8594;8974
191;191;69;2;2;2;2;Assemblage;false;Fixation C33;Bвti_T15___1;EQUIPE POSTE 1;2;10284;10353
192;192;267;2;2;2;2;Assemblage;false;Fixation C33;Bвti_T15___1;EQUIPE POSTE 1;2;10353;10620
193;193;69;2;2;2;2;Assemblage;false;Fixation C33;Bвti_T15___1;EQUIPE POSTE 1;2;10620;10689
194;194;267;2;2;2;2;Assemblage;false;Fixation C33;Bвti_T15___1;EQUIPE POSTE 1;2;10689;10956
195;195;12;2;2;2;2;Assemblage;false;Fixation C33;Bвti_T15___1;EQUIPE POSTE 1;2;10956;10968
196;196;46;2;2;2;2;Assemblage;false;Fixation C33;Bвti_T15___1;EQUIPE POSTE 1;2;10968;11014
197;197;150;1;1;1;2;Controleur;false;;Bвti_T15___1;EQUIPE POSTE 1;2;16210;16360
198;198;83;1;1;1;2;Assemblage;false;Pion Incidence;Bвti_T15___1;EQUIPE POSTE 1;2;10909;10992
199;199;83;1;1;1;2;Assemblage;false;Pion Incidence;Bвti_T15___1;EQUIPE POSTE 1;2;10826;10909
20;20;58;2;2;2;2;Assemblage;false;T12 Mise en Place;Bвti_T15___1;EQUIPE POSTE 1;2;855;913
200;200;100;1;1;1;2;Assemblage;false;Mвts G;Bвti_T15___1;EQUIPE POSTE 1;2;12654;12754
201;201;390;1;1;1;2;Assemblage;false;Mвts G;Bвti_T15___1;EQUIPE POSTE 1;2;12754;13144
202;202;60;1;1;1;2;Assemblage;false;Mвts G;Bвti_T15___1;EQUIPE POSTE 1;2;13154;13214
203;203;200;1;1;1;2;Assemblage;false;Mвts G;Bвti_T15___1;EQUIPE POSTE 1;2;13214;13414
204;204;10;1;1;1;2;Assemblage;false;Mвts G;Bвti_T15___1;EQUIPE POSTE 1;2;13144;13154
205;205;100;1;1;1;2;Assemblage;false;Mвts D;Bвti_T15___1;EQUIPE POSTE 1;2;15054;15154
206;206;390;1;1;1;2;Assemblage;false;Mвts D;Bвti_T15___1;EQUIPE POSTE 1;2;15154;15544
207;207;60;1;1;1;2;Assemblage;false;Mвts D;Bвti_T15___1;EQUIPE POSTE 1;2;15554;15614
208;208;200;1;1;1;2;Assemblage;false;Mвts D;Bвti_T15___1;EQUIPE POSTE 1;2;15614;15814
209;209;10;1;1;1;2;Assemblage;false;Mвts D;Bвti_T15___1;EQUIPE POSTE 1;2;15544;15554
21;21;100;2;2;2;2;Assemblage;false;T12 Mise en Place;Bвti_T15___1;EQUIPE POSTE 1;2;913;1013
210;210;924;1;1;1;2;Assemblage;false;;Bвti_T15___1;EQUIPE POSTE 1;2;13402;15206
211;211;1005;1;1;1;2;Assemblage;false;;Bвti_T15___1;EQUIPE POSTE 1;2;13834;15719
212;212;536;1;1;1;2;Assemblage;false;;Bвti_T15___1;EQUIPE POSTE 1;2;13767;15183
213;213;100;1;1;1;1;Assemblage;false;Poutres;Bвti_T15___1;EQUIPE POSTE 1;2;15242;15342
214;214;250;1;1;1;1;Assemblage;false;Poutres;Bвti_T15___1;EQUIPE POSTE 1;2;15342;15592
215;215;100;1;1;1;1;Assemblage;false;Poutres;Bвti_T15___1;EQUIPE POSTE 1;2;15592;15692
216;216;10;1;1;1;1;Assemblage;false;Poutres;Bвti_T15___1;EQUIPE POSTE 1;2;15692;15702
217;217;10;1;1;1;1;Assemblage;false;Poutres;Bвti_T15___1;EQUIPE POSTE 1;2;15702;15712
218;218;92;1;1;1;2;Assemblage;false;Perзage Poignards C33 G_D;Bвti_T15___1;EQUIPE POSTE 1;2;12695;12787
219;219;276;1;1;1;2;Assemblage;false;Perзage Poignards C33 G_D;Bвti_T15___1;EQUIPE POSTE 1;2;12787;13063
22;22;115;1;1;1;1;Assemblage;false;LASER;Bвti_T15___1;EQUIPE POSTE 1;2;800;915
220;220;30;1;1;1;2;Assemblage;false;Perзage Poignards C33 G_D;Bвti_T15___1;EQUIPE POSTE 1;2;13415;13445
221;221;322;1;1;1;2;Assemblage;false;Perзage Poignards C33 G_D;Bвti_T15___1;EQUIPE POSTE 1;2;13445;13767
222;222;75;1;1;1;2;Controleur;false;;Bвti_T15___1;EQUIPE POSTE 1;2;16485;16560
223;223;92;1;1;1;2;Assemblage;false;Perзage Poignards C33 G_D;Bвti_T15___1;EQUIPE POSTE 1;2;11447;11539
224;224;276;1;1;1;2;Assemblage;false;Perзage Poignards C33 G_D;Bвti_T15___1;EQUIPE POSTE 1;2;11539;12695
225;225;30;1;1;1;2;Assemblage;false;Perзage Poignards C33 G_D;Bвti_T15___1;EQUIPE POSTE 1;2;13063;13093
226;226;322;1;1;1;2;Assemblage;false;Perзage Poignards C33 G_D;Bвti_T15___1;EQUIPE POSTE 1;2;13093;13415
227;227;75;1;1;1;2;Controleur;false;;Bвti_T15___1;EQUIPE POSTE 1;2;16010;16085
228;228;92;1;1;1;2;Assemblage;false;;Bвti_T15___1;EQUIPE POSTE 1;2;15183;15275
229;229;92;1;1;1;2;Assemblage;false;;Bвti_T15___1;EQUIPE POSTE 1;2;15275;15367
23;23;230;1;1;1;1;Assemblage;false;LASER;Bвti_T15___1;EQUIPE POSTE 1;2;915;1145
230;230;46;1;1;1;2;Assemblage;false;;Bвti_T15___1;EQUIPE POSTE 1;2;15367;15413
231;231;268;1;1;1;2;Assemblage;false;;Bвti_T15___1;EQUIPE POSTE 1;2;10502;10770
232;232;268;1;1;1;2;Assemblage;false;;Bвti_T15___1;EQUIPE POSTE 1;2;9354;10502
233;233;183;2;2;2;2;Assemblage;false;;Bвti_T15___1;EQUIPE POSTE 1;2;15950;16133
234;234;183;2;2;2;2;Assemblage;false;;Bвti_T15___1;EQUIPE POSTE 1;2;16133;16316
235;235;400;1;1;1;2;Controleur;false;;Bвti_T15___1;EQUIPE POSTE 1;2;15800;16200
236;236;50;2;2;2;2;Assemblage;false;;Bвti_T15___1;EQUIPE POSTE 1;2;16526;17456
238;238;49;1;1;1;2;Controleur;false;;Bвti_T15___1;EQUIPE POSTE 1;2;16460;16509
24;24;323;1;1;1;1;Assemblage;false;LASER;Bвti_T15___1;EQUIPE POSTE 1;2;1145;1468
240;240;46;2;2;2;2;Assemblage;false;Fixation C33;Bвti_T15___1;EQUIPE POSTE 1;2;15814;15860
241;241;90;2;2;2;2;Assemblage;false;Fixation C33;Bвti_T15___1;EQUIPE POSTE 1;2;15860;15950
242;242;415;1;1;1;2;Assemblage;false;;Bвti_T15___1;EQUIPE POSTE 1;2;17456;17871
243;243;415;1;1;1;2;Assemblage;false;;Bвti_T15___1;EQUIPE POSTE 1;2;17456;17871
244;244;4;5;2;6;2;Assemblage;false;;Bвti_T15___1;EQUIPE POSTE 1;2;640;644
245;245;138;1;1;1;2;Assemblage;false;;Bвti_T15___1;EQUIPE POSTE 1;2;855;993
246;246;19;5;2;5;2;Assemblage;false;;Bвti_T15___1;EQUIPE POSTE 1;2;679;698
247;247;706;1;1;1;1;SW-C;false;;Posage___1;EQUIPE POSTE 2;1;3564;5910
248;248;686;1;1;1;1;SW-C;false;;Posage___1;EQUIPE POSTE 2;1;5910;8236
249;249;490;1;1;1;1;Assemblage;false;;Bвti_T15___1;EQUIPE POSTE 1;2;3593;5723
25;25;92;1;1;1;1;Assemblage;false;LASER;Bвti_T15___1;EQUIPE POSTE 1;2;1468;1560
250;250;294;1;1;1;1;Assemblage;false;;Bвti_T15___1;EQUIPE POSTE 1;2;8077;8371
252;252;56;1;1;1;2;Assemblage;false;Pion Incidence;;EQUIPE POSTE 1;2;10770;10826
254;254;10;1;1;1;1;SW-A;false;;Posage___1;EQUIPE POSTE 2;1;810;820
256;256;100;1;1;1;1;SW-C;false;;Posage___1;EQUIPE POSTE 2;1;910;1010
257;257;100;1;1;1;1;SW-C;false;;Posage___1;EQUIPE POSTE 2;1;810;910
258;258;75;1;1;1;1;SW-C;false;;Posage___1;EQUIPE POSTE 2;1;1010;1085
259;259;36;1;1;1;1;SW-C;false;;Posage___1;EQUIPE POSTE 2;1;1121;1157
26;26;59;1;1;1;2;Assemblage;false;Locating cornes C20/26 G;Bвti_T15___1;EQUIPE POSTE 1;2;855;914
260;260;36;1;1;1;1;SW-C;false;;Posage___1;EQUIPE POSTE 2;1;1085;1121
261;261;50;1;1;1;1;SW-C;false;;Posage___1;EQUIPE POSTE 2;1;1207;1257
262;262;50;1;1;1;1;SW-C;false;;Posage___1;EQUIPE POSTE 2;1;1157;1207
263;263;50;1;1;1;1;SW-C;false;;Posage___1;EQUIPE POSTE 2;1;1257;1307
264;264;150;1;1;1;1;TUY-3;false;Embases Pressu D;Posage___1;EQUIPE POSTE 2;1;1169;1319
265;265;100;1;1;1;1;Controleur;false;;Posage___1;EQUIPE POSTE 2;1;1319;1419
266;266;150;1;1;1;1;TUY-3;false;Embases Pressu G;Posage___1;EQUIPE POSTE 2;1;1428;3218
267;267;100;1;1;1;1;Controleur;false;;Posage___1;EQUIPE POSTE 2;1;3218;3318
268;268;109;1;1;1;1;TUY-3;false;Embases Pressu D;Posage___1;EQUIPE POSTE 2;1;1319;1428
269;269;23;1;1;1;1;Controleur;false;;Posage___1;EQUIPE POSTE 2;1;3394;3417
27;27;92;1;1;1;2;Assemblage;false;Locating cornes C20/26 G;Bвti_T15___1;EQUIPE POSTE 1;2;914;1006
270;270;109;1;1;1;1;TUY-3;false;Embases Pressu G;Posage___1;EQUIPE POSTE 2;1;3218;3327
271;271;23;1;1;1;1;Controleur;false;;Posage___1;EQUIPE POSTE 2;1;3500;3523
272;272;350;1;1;1;1;SW-B;false;;Posage___1;EQUIPE POSTE 2;1;8291;8641
273;273;150;1;1;1;1;Controleur;false;;Posage___1;EQUIPE POSTE 2;1;18029;18179
274;274;200;1;1;1;1;Controleur;false;;Posage___1;EQUIPE POSTE 2;1;15750;15950
275;275;275;1;1;1;1;TUY-3;false;;Posage___1;EQUIPE POSTE 2;1;17684;17959
276;276;15;1;1;1;1;Controleur;false;;Posage___1;EQUIPE POSTE 2;1;17959;17974
277;277;25;1;1;1;2;Controleur;false;;Bвti_T15___1;EQUIPE POSTE 1;2;16085;16110
278;278;210;1;1;1;2;Assemblage;false;Mвts G;Bвti_T15___1;EQUIPE POSTE 1;2;16316;16526
279;279;15;1;1;1;2;Controleur;false;;Bвti_T15___1;EQUIPE POSTE 1;2;18940;18955
28;28;59;1;1;1;2;Assemblage;false;Locating cornes C20/26 D;Bвti_T15___1;EQUIPE POSTE 1;2;855;914
280;280;25;1;1;1;2;Controleur;false;;Bвti_T15___1;EQUIPE POSTE 1;2;16110;16135
281;281;210;1;1;1;2;Assemblage;false;Mвts D;Bвti_T15___1;EQUIPE POSTE 1;2;16316;16526
282;282;15;1;1;1;2;Controleur;false;;Bвti_T15___1;EQUIPE POSTE 1;2;18931;18946
283;283;281;1;1;1;1;SW-B;false;;Posage___1;EQUIPE POSTE 2;1;8010;8291
287;287;281;1;1;1;1;SW-B;false;;Posage___1;EQUIPE POSTE 2;1;6089;8010
29;29;92;1;1;1;2;Assemblage;false;Locating cornes C20/26 D;Bвti_T15___1;EQUIPE POSTE 1;2;914;1006
291;291;327;1;1;1;1;Assemblage;false;;Bвti_T15___1;EQUIPE POSTE 1;2;10412;10739
292;292;479;1;1;1;2;Assemblage;false;;Bвti_T15___1;EQUIPE POSTE 1;2;15206;15685
293;293;751;1;1;1;1;SW-A;false;;Posage___1;EQUIPE POSTE 2;1;10427;12818
294;294;354;1;1;1;1;Assemblage;false;;Bвti_T15___1;EQUIPE POSTE 1;2;10739;11093
295;295;735;1;1;1;2;Assemblage;false;;Bвti_T15___1;EQUIPE POSTE 1;2;12654;13389
296;296;751;1;1;1;1;SW-B;false;;Posage___1;EQUIPE POSTE 2;1;11107;13498
297;297;132;1;1;1;1;SW-C;false;Cвles RILSAN;Posage___1;EQUIPE POSTE 2;1;11097;12869
298;298;248;1;1;1;1;SW-C;false;Cвles RILSAN;Posage___1;EQUIPE POSTE 2;1;12869;13117
299;299;132;1;1;1;1;SW-C;false;Cвles RILSAN;Posage___1;EQUIPE POSTE 2;1;13117;13249
3;3;207;1;1;1;2;Assemblage;false;;Chariot_T12___1;EQUIPE POSTE 1;3;18261;18468
30;30;46;1;1;1;2;Controleur;false;;Bвti_T15___1;EQUIPE POSTE 1;2;16389;16435
300;300;248;1;1;1;1;SW-C;false;Cвles RILSAN;Posage___1;EQUIPE POSTE 2;1;13249;13497
301;301;54;1;1;1;1;SW-C;false;Cвles RILSAN;Posage___1;EQUIPE POSTE 2;1;15200;15254
302;302;95;1;1;1;1;SW-C;false;Cвles RILSAN;Posage___1;EQUIPE POSTE 2;1;15254;15349
303;303;54;1;1;1;1;SW-C;false;Cвles RILSAN;Posage___1;EQUIPE POSTE 2;1;15349;15403
304;304;95;1;1;1;1;SW-C;false;Cвles RILSAN;Posage___1;EQUIPE POSTE 2;1;15403;15498
305;305;109;1;1;1;1;SW-A;false;;Posage___1;EQUIPE POSTE 2;1;18208;18317
306;306;215;1;1;1;1;Karman 1;false;;Posage___1;EQUIPE POSTE 2;1;17882;18097
307;307;563;1;1;1;1;SW-A;false;;Posage___1;EQUIPE POSTE 2;1;1531;3734
308;308;463;1;1;1;1;SW-A;false;;Posage___1;EQUIPE POSTE 2;1;940;1403
309;309;218;1;1;1;1;SW-B;false;;Posage___1;EQUIPE POSTE 2;1;10889;11107
31;31;46;1;1;1;2;Assemblage;false;Alйsage Corniиre + Obturateurs C33;Bвti_T15___1;EQUIPE POSTE 1;2;1399;1445
310;310;50;1;1;1;1;UP2R;false;;Posage___1;EQUIPE POSTE 2;1;15320;15370
311;311;120;1;1;1;1;SW-A;false;;Posage___1;EQUIPE POSTE 2;1;820;940
312;312;343;1;1;1;2;Assemblage;false;;Bвti_T15___1;EQUIPE POSTE 1;2;15756;16099
313;313;343;1;1;1;2;Assemblage;false;;Bвti_T15___1;EQUIPE POSTE 1;2;15413;15756
314;314;325;1;1;1;2;Assemblage;false;;Bвti_T15___1;EQUIPE POSTE 1;2;15685;16010
315;315;288;1;1;1;2;Assemblage;false;;Bвti_T15___1;EQUIPE POSTE 1;2;16010;16298
316;316;760;1;1;1;1;SW-B;false;;Posage___1;EQUIPE POSTE 2;1;800;1560
317;317;489;1;1;1;1;SW-B;false;;Posage___1;EQUIPE POSTE 2;1;3200;3689
318;318;109;1;1;1;1;SW-C;false;;Posage___1;EQUIPE POSTE 2;1;10918;11027
319;319;380;1;1;1;2;Assemblage;false;;Bвti_T15___1;EQUIPE POSTE 1;2;15054;15434
32;32;322;1;1;1;2;Assemblage;false;Alйsage Corniиre + Obturateurs C33;Bвti_T15___1;EQUIPE POSTE 1;2;1491;1813
321;321;380;1;1;1;2;Assemblage;false;;Bвti_T15___1;EQUIPE POSTE 1;2;15434;15814
323;323;608;1;1;1;1;SW-B;false;;Posage___1;EQUIPE POSTE 2;1;8641;10889
324;324;1144;1;1;1;1;TUY-2;false;Caisson OІ;Posage___1;EQUIPE POSTE 2;1;13009;15793
325;325;163;1;1;1;1;TUY-2;false;Caisson OІ;;EQUIPE POSTE 2;1;15793;15956
326;326;54;1;1;1;1;TUY-2;false;Fuel Box;Posage___1;EQUIPE POSTE 2;1;800;854
327;327;54;1;1;1;1;TUY-2;false;Fuel Box;Posage___1;EQUIPE POSTE 2;1;854;908
328;328;298;1;1;1;1;TUY-2;false;Fuel Box;;EQUIPE POSTE 2;1;1206;1504
329;329;298;1;1;1;1;TUY-2;false;Fuel Box;;EQUIPE POSTE 2;1;908;1206
33;33;193;1;1;1;2;Assemblage;false;Couture Non Robot C12  G/D;Bвti_T15___1;EQUIPE POSTE 1;2;1013;1206
330;330;136;1;1;1;1;TUY-2;false;Fuel Box;Posage___1;EQUIPE POSTE 2;1;1504;3280
331;331;136;1;1;1;1;TUY-2;false;Fuel Box;Posage___1;EQUIPE POSTE 2;1;6109;6245
332;332;205;1;1;1;2;Assemblage;false;;;EQUIPE POSTE 1;3;17663;17868
34;34;193;1;1;1;2;Assemblage;false;Couture Non Robot C12  G/D;Bвti_T15___1;EQUIPE POSTE 1;2;1206;1399
342;342;175;1;1;1;1;Karman 1;false;;Posage___1;EQUIPE POSTE 2;1;15691;15866
343;343;175;1;1;1;1;Karman 1;false;;Posage___1;EQUIPE POSTE 2;1;15516;15691
344;344;327;1;1;1;1;Karman 1;false;;;EQUIPE POSTE 2;1;13196;13523
345;345;327;1;1;1;1;Karman 1;false;;;EQUIPE POSTE 2;1;13196;13523
346;346;238;2;2;2;1;Karman 1;false;Karman Outillage;Posage___1;EQUIPE POSTE 2;1;800;1038
347;347;283;2;2;2;1;Karman 1;false;Karman Outillage;Posage___1;EQUIPE POSTE 2;1;1294;3217
348;348;177;2;2;2;1;Karman 1;false;Karman Outillage;Posage___1;EQUIPE POSTE 2;1;3217;3394
349;349;327;1;1;1;1;Karman 1;false;Karman Outillage;Posage___1;EQUIPE POSTE 2;1;3606;3933
35;35;17;2;2;2;2;Assemblage;false;Perзage йclissage C12-C33 G;Bвti_T15___1;EQUIPE POSTE 1;2;1402;1419
350;350;327;1;1;1;1;Karman 1;false;Karman Outillage;Posage___1;EQUIPE POSTE 2;1;3606;3933
351;351;273;2;2;2;1;Karman 1;false;Karman Outillage;Posage___1;EQUIPE POSTE 2;1;8510;10423
352;352;273;2;2;2;1;Karman 1;false;Karman Outillage;Posage___1;EQUIPE POSTE 2;1;8237;8510
353;353;163;1;1;1;1;Karman 1;false;Karman Outillage;Posage___1;EQUIPE POSTE 2;1;10423;10586
354;354;176;1;1;1;1;Karman 1;false;Karman Outillage;Posage___1;EQUIPE POSTE 2;1;1038;1214
355;355;176;1;1;1;1;Karman 1;false;Karman Outillage;Posage___1;EQUIPE POSTE 2;1;1038;1214
356;356;106;2;2;2;1;Karman 1;false;Karman Outillage;Posage___1;EQUIPE POSTE 2;1;3394;3500
357;357;106;2;2;2;1;Karman 1;false;Karman Outillage;Posage___1;EQUIPE POSTE 2;1;3500;3606
358;358;459;1;1;1;1;Karman 1;false;Karman Outillage;Posage___1;EQUIPE POSTE 2;1;3933;6032
359;359;459;1;1;1;1;Karman 1;false;Karman Outillage;Posage___1;EQUIPE POSTE 2;1;3933;6032
36;36;122;2;2;2;2;Assemblage;false;Perзage йclissage C12-C33 G;Bвti_T15___1;EQUIPE POSTE 1;2;1419;1541
360;360;565;1;1;1;1;Karman 1;false;Karman Outillage;Posage___1;EQUIPE POSTE 2;1;6032;8237
361;361;565;1;1;1;1;Karman 1;false;Karman Outillage;Posage___1;EQUIPE POSTE 2;1;6032;8237
362;362;80;1;1;1;1;Karman 1;false;Karman Outillage;Posage___1;EQUIPE POSTE 2;1;1214;1294
362-B;362-B;465;1;1;1;1;SW-A;false;Refueling;Posage___1;EQUIPE POSTE 2;1;8104;8569
363;363;80;1;1;1;1;Karman 1;false;Karman Outillage;Posage___1;EQUIPE POSTE 2;1;1214;1294
363-A;363-A;247;1;1;1;1;Karman 1;false;Karman Outillage;Posage___1;EQUIPE POSTE 2;1;10586;10833
364;364;109;1;1;1;1;Karman 1;false;Karman Outillage;;EQUIPE POSTE 2;1;10423;10532
365;365;109;1;1;1;1;Karman 1;false;Karman Outillage;;EQUIPE POSTE 2;1;10532;10641
366;366;195;2;2;2;1;Karman 1;false;Karman Outillage;Posage___1;EQUIPE POSTE 2;1;10923;11118
367;367;180;2;2;2;1;Karman 1;false;Karman Outillage;Posage___1;EQUIPE POSTE 2;1;12887;13067
368;368;129;2;2;2;1;Karman 1;false;Karman Outillage;Posage___1;EQUIPE POSTE 2;1;11118;12887
369;369;129;2;2;2;1;Karman 1;false;Karman Outillage;Posage___1;EQUIPE POSTE 2;1;13067;13196
37;37;63;2;2;2;2;Assemblage;false;Perзage йclissage C12-C33 G;Bвti_T15___1;EQUIPE POSTE 1;2;1541;1604
370;370;45;2;2;2;1;Karman 1;false;Karman Outillage;Posage___1;EQUIPE POSTE 2;1;10833;10878
371;371;45;2;2;2;1;Karman 1;false;Karman Outillage;Posage___1;EQUIPE POSTE 2;1;10878;10923
372;372;164;2;2;2;1;Karman 1;false;Karman Outillage;Posage___1;EQUIPE POSTE 2;1;15200;15364
373;373;53;2;2;2;1;Karman 1;false;Karman Outillage;Posage___1;EQUIPE POSTE 2;1;15463;15516
374;374;53;2;2;2;1;Karman 1;false;Karman Outillage;Posage___1;EQUIPE POSTE 2;1;15364;15417
375;375;23;2;2;2;1;Karman 1;false;Karman Outillage;Posage___1;EQUIPE POSTE 2;1;15440;15463
376;376;23;2;2;2;1;Karman 1;false;Karman Outillage;Posage___1;EQUIPE POSTE 2;1;15417;15440
377;377;190;1;1;1;1;Controleur;false;;Posage___1;EQUIPE POSTE 2;1;13196;13386
378;378;400;1;1;1;1;SW-C;false;;Posage___1;EQUIPE POSTE 2;1;15498;15898
379;379;100;1;1;1;1;SW-C;false;;Posage___1;EQUIPE POSTE 2;1;10634;10734
38;38;178;2;2;2;2;Assemblage;false;Perзage йclissage C12-C33 G;Bвti_T15___1;EQUIPE POSTE 1;2;1604;1782
380;380;50;1;1;1;1;SW-C;false;;Posage___1;EQUIPE POSTE 2;1;10584;10634
381;381;200;1;1;1;2;Assemblage;false;;Bвti_T15___1;EQUIPE POSTE 1;2;13352;13552
382;382;200;1;1;1;2;Assemblage;false;;Bвti_T15___1;EQUIPE POSTE 1;2;13552;13752
383;383;82;1;1;1;2;Assemblage;false;;Bвti_T15___1;EQUIPE POSTE 1;2;13752;13834
384;384;545;1;1;1;1;TUY-3;false;;Posage___1;EQUIPE POSTE 2;1;12987;13532
385;385;654;1;1;1;1;TUY-3;false;;Posage___1;EQUIPE POSTE 2;1;13532;15826
386;386;763;1;1;1;1;TUY-2;false;Fuel Box;Posage___1;EQUIPE POSTE 2;1;3280;5683
387;387;25;1;1;1;1;Controleur;false;;Posage___1;EQUIPE POSTE 2;1;800;825
388;388;327;1;1;1;1;TUY-2;false;Fuel Box;Posage___1;EQUIPE POSTE 2;1;10715;11042
389;389;15;1;1;1;1;Controleur;false;;Posage___1;EQUIPE POSTE 2;1;11042;11057
39;39;17;2;2;2;2;Assemblage;false;Perзage йclissage C12-C33 D;Bвti_T15___1;EQUIPE POSTE 1;2;1399;1416
390;390;763;1;1;1;1;TUY-2;false;Fuel Box;Posage___1;EQUIPE POSTE 2;1;6245;8648
391;391;25;1;1;1;1;Controleur;false;;Posage___1;EQUIPE POSTE 2;1;800;825
392;392;327;1;1;1;1;TUY-2;false;Fuel Box;Posage___1;EQUIPE POSTE 2;1;11042;13009
393;393;15;1;1;1;1;Controleur;false;;Posage___1;EQUIPE POSTE 2;1;13050;13065
394;394;672;1;1;1;1;TUY-1;false;;Posage___1;EQUIPE POSTE 2;1;3201;3873
395;395;708;1;1;1;1;TUY-1;false;;Posage___1;EQUIPE POSTE 2;1;3873;6221
396;396;760;1;1;1;1;TUY-1;false;;;EQUIPE POSTE 2;1;801;3201
397;397;1000;1;1;1;1;TUY-1;false;;Posage___1;EQUIPE POSTE 2;1;8533;12813
398;398;672;1;1;1;1;TUY-1;false;Tuyauteries Incendie;Posage___1;EQUIPE POSTE 2;1;6221;8533
399;399;218;1;1;1;1;TUY-3;false;;Posage___1;EQUIPE POSTE 2;1;15826;17684
4;4;347;1;1;1;2;Assemblage;false;;Chariot_T12___1;EQUIPE POSTE 1;3;18613;18960
40;40;122;2;2;2;2;Assemblage;false;Perзage йclissage C12-C33 D;Bвti_T15___1;EQUIPE POSTE 1;2;1416;1538
400;400;109;1;1;1;1;TUY-3;false;Tuyauterie Condi T12;;EQUIPE POSTE 2;1;8127;8236
401;401;1471;1;1;1;1;TUY-3;false;Tuyauterie Condi T12;Posage___1;EQUIPE POSTE 2;1;8236;12987
403;403;500;1;1;1;1;SW-B;false;Karman Outillage;Posage___1;EQUIPE POSTE 2;1;15439;15939
404;404;95;1;1;1;1;UP2R;false;;Posage___1;EQUIPE POSTE 2;1;15939;17674
405;405;218;1;1;1;1;SW-A;false;Refueling;Posage___1;EQUIPE POSTE 2;1;8569;10427
406;406;10;1;1;1;1;UP2R;false;;Posage___1;EQUIPE POSTE 2;1;10427;10437
407;407;250;1;1;1;1;SW-A;false;Karman Outillage;Posage___1;EQUIPE POSTE 2;1;12818;13068
408;408;100;1;1;1;1;UP2R;false;;Posage___1;EQUIPE POSTE 2;1;13068;13168
409;409;500;1;1;1;1;SW-A;false;Karman Outillage;Posage___1;EQUIPE POSTE 2;1;13068;15208
41;41;63;2;2;2;2;Assemblage;false;Perзage йclissage C12-C33 D;Bвti_T15___1;EQUIPE POSTE 1;2;1538;1601
410;410;100;1;1;1;1;UP2R;false;;Posage___1;EQUIPE POSTE 2;1;15208;15308
415;415;163;1;1;1;1;TUY-1;false;Karman Outillage;Posage___1;EQUIPE POSTE 2;1;17889;18052
416;416;245;1;1;1;1;TUY-1;false;Karman Outillage;Posage___1;EQUIPE POSTE 2;1;18052;18297
417;417;200;1;1;1;1;SW-C;false;Hublots;;EQUIPE POSTE 2;1;1307;1507
418;418;126;1;1;1;1;SW-B;false;Hublots;Posage___1;EQUIPE POSTE 2;1;15939;17705
419;419;126;1;1;1;1;SW-C;false;Hublots;Posage___1;EQUIPE POSTE 2;1;15939;17705
42;42;178;2;2;2;2;Assemblage;false;Perзage йclissage C12-C33 D;Bвti_T15___1;EQUIPE POSTE 1;2;1601;1779
420;420;138;1;1;1;1;SW-B;false;Hublots;Posage___1;EQUIPE POSTE 2;1;17705;17843
421;421;138;1;1;1;1;SW-C;false;Hublots;Posage___1;EQUIPE POSTE 2;1;17705;17843
422;422;336;1;1;1;1;SW-B;false;Hublots;Posage___1;EQUIPE POSTE 2;1;17843;18179
423;423;328;1;1;1;1;SW-C;false;Hublots;Posage___1;EQUIPE POSTE 2;1;17843;18171
424;424;164;1;1;1;1;SW-B;false;Hublots;Posage___1;EQUIPE POSTE 2;1;18179;18343
425;425;164;1;1;1;1;SW-C;false;Hublots;Posage___1;EQUIPE POSTE 2;1;18171;18335
426;426;100;2;2;2;1;Controleur;false;;Posage___1;EQUIPE POSTE 2;1;18179;18279
427;427;381;1;1;1;1;Assemblage;false;;Bвti_T15___1;EQUIPE POSTE 1;2;3200;3581
428;428;354;1;1;1;1;SW-C;false;;Posage___1;EQUIPE POSTE 2;1;8236;8590
429;429;354;1;1;1;1;SW-C;false;;Posage___1;EQUIPE POSTE 2;1;8590;10584
43;43;35;2;2;2;2;Assemblage;false;Perзage йclissage C12-C33 G;Bвti_T15___1;EQUIPE POSTE 1;2;1782;1817
430;430;191;1;1;1;1;Karman 1;false;;Posage___1;EQUIPE POSTE 2;1;10641;10832
431;431;70;1;1;1;1;SW-C;false;;Posage___1;EQUIPE POSTE 2;1;11027;11097
432;432;291;1;1;1;1;SW-B;false;;Posage___1;EQUIPE POSTE 2;1;13508;15439
433;433;318;1;1;1;1;Karman 1;false;;Posage___1;EQUIPE POSTE 2;1;17806;18124
434;434;182;1;1;1;1;TUY-1;false;;Posage___1;EQUIPE POSTE 2;1;12867;13049
435;435;445;1;1;1;1;TUY-1;false;;Posage___1;EQUIPE POSTE 2;1;13049;13494
436;436;760;1;1;1;1;TUY-3;false;Tuyauterie CARBU Rйservoir AV G_D;Posage___1;EQUIPE POSTE 2;1;3327;5727
437;437;760;1;1;1;1;TUY-3;false;Tuyauterie CARBU Rйservoir AV G_D;Posage___1;EQUIPE POSTE 2;1;5727;8127
438;438;1027;1;1;1;1;TUY-1;false;;Posage___1;EQUIPE POSTE 2;1;13494;17801
439;439;380;1;1;1;1;SW-A;false;;Posage___1;EQUIPE POSTE 2;1;15208;15588
44;44;190;2;2;2;2;Assemblage;false;Perзage йclissage C12-C33 G;Bвti_T15___1;EQUIPE POSTE 1;2;1817;2007
440;440;380;1;1;1;1;SW-A;false;;Posage___1;EQUIPE POSTE 2;1;15588;17608
441;441;145;1;1;1;2;Assemblage;false;;;EQUIPE POSTE 1;3;17868;18013
442;442;128;1;1;1;1;SW-A;false;;Posage___1;EQUIPE POSTE 2;1;1403;1531
443;443;417;1;1;1;1;SW-C;false;;Posage___1;EQUIPE POSTE 2;1;1507;3564
444;444;121;1;1;1;1;SW-C;false;;Posage___1;EQUIPE POSTE 2;1;10734;10855
445;445;63;1;1;1;1;SW-C;false;;Posage___1;EQUIPE POSTE 2;1;10855;10918
446;446;109;1;1;1;2;Assemblage;false;;;EQUIPE POSTE 1;3;11093;12842
447;447;426;1;1;1;1;Karman 1;false;;Posage___1;EQUIPE POSTE 2;1;15516;15942
448;448;1090;1;1;1;1;SW-A;false;Refueling;Posage___1;EQUIPE POSTE 2;1;3734;8104
449;449;100;1;1;1;1;UP2R;false;;Posage___1;EQUIPE POSTE 2;1;8104;8204
45;45;25;2;2;2;2;Assemblage;false;Perзage йclissage C12-C33 G;Bвti_T15___1;EQUIPE POSTE 1;2;2007;2032
450;450;50;1;1;1;1;UP2R;false;;Posage___1;EQUIPE POSTE 2;1;8204;8254
452;452;54;1;1;1;1;TUY-1;false;Tuyauteries Incendie;Posage___1;EQUIPE POSTE 2;1;12813;12867
453;453;50;1;1;1;1;UP2R;false;;Posage___1;EQUIPE POSTE 2;1;12867;12917
454;454;10;1;1;1;1;SW-A;false;;Posage___1;EQUIPE POSTE 2;1;800;810
455;455;426;1;1;1;1;TUY-2;false;Fuel Box;Posage___1;EQUIPE POSTE 2;1;5683;6109
456;456;427;1;1;1;1;TUY-2;false;Fuel Box;Posage___1;EQUIPE POSTE 2;1;8648;10715
457;457;50;1;1;1;1;UP2R;false;;Posage___1;EQUIPE POSTE 2;1;13009;13059
46;46;130;2;2;2;2;Assemblage;false;Perзage йclissage C12-C33 G;Bвti_T15___1;EQUIPE POSTE 1;2;2032;3042
466;466;760;1;1;1;1;TUY-2;false;Caisson OІ;Posage___1;EQUIPE POSTE 2;1;15956;18356
467;467;100;1;1;1;2;Controleur;false;;Bвti_T15___1;EQUIPE POSTE 1;2;16360;16460
468;468;75;2;2;2;2;Controleur;false;;Bвti_T15___1;EQUIPE POSTE 1;2;18400;18475
469;469;200;1;1;1;2;Controleur;false;;Bвti_T15___1;EQUIPE POSTE 1;2;18725;18925
47;47;35;2;2;2;2;Assemblage;false;Perзage йclissage C12-C33 D;Bвti_T15___1;EQUIPE POSTE 1;2;1779;1814
470;470;200;1;1;1;2;Controleur;false;;Bвti_T15___1;EQUIPE POSTE 1;2;15810;16010
471;471;100;1;1;1;2;Controleur;false;;Bвti_T15___1;EQUIPE POSTE 1;2;18300;18400
472;472;200;1;1;1;2;Controleur;false;;Bвti_T15___1;EQUIPE POSTE 1;2;18200;18400
473;473;200;1;1;1;2;Controleur;false;;Bвti_T15___1;EQUIPE POSTE 1;2;18725;18925
474;474;25;1;1;1;1;Controleur;false;;Posage___1;EQUIPE POSTE 2;1;10715;10740
475;475;25;1;1;1;1;Controleur;false;;Posage___1;EQUIPE POSTE 2;1;6109;6134
476;476;100;1;1;1;1;Controleur;false;;Posage___1;EQUIPE POSTE 2;1;825;925
477;477;50;1;1;1;1;Controleur;false;;Posage___1;EQUIPE POSTE 2;1;8127;8177
478;478;200;1;1;1;1;Controleur;false;;Posage___1;EQUIPE POSTE 2;1;17801;18001
479;479;200;1;1;1;1;Controleur;false;;Posage___1;EQUIPE POSTE 2;1;12987;13187
48;48;190;2;2;2;2;Assemblage;false;Perзage йclissage C12-C33 D;Bвti_T15___1;EQUIPE POSTE 1;2;1814;2004
480;480;150;1;1;1;1;Controleur;false;;Posage___1;EQUIPE POSTE 2;1;13436;15226
481;481;25;1;1;1;1;Controleur;false;;Posage___1;EQUIPE POSTE 2;1;3933;3958
482;482;25;1;1;1;1;Controleur;false;;Posage___1;EQUIPE POSTE 2;1;18279;18304
483;483;25;1;1;1;1;Controleur;false;;Posage___1;EQUIPE POSTE 2;1;15326;15351
484;484;25;1;1;1;1;Controleur;false;;Posage___1;EQUIPE POSTE 2;1;18279;18304
485;485;25;1;1;1;1;Controleur;false;;Posage___1;EQUIPE POSTE 2;1;18304;18329
486;486;50;1;1;1;1;Controleur;false;;Posage___1;EQUIPE POSTE 2;1;15826;15876
49;49;25;2;2;2;2;Assemblage;false;Perзage йclissage C12-C33 D;Bвti_T15___1;EQUIPE POSTE 1;2;2004;2029
5;5;138;1;1;1;2;Assemblage;false;;Chariot_T12___1;EQUIPE POSTE 1;3;18475;18613
50;50;130;2;2;2;2;Assemblage;false;Perзage йclissage C12-C33 D;Bвti_T15___1;EQUIPE POSTE 1;2;2029;2159
51;51;350;1;1;1;2;Assemblage;false;;Bвti_T15___1;EQUIPE POSTE 1;2;1013;1363
52;52;350;1;1;1;2;Assemblage;false;;Bвti_T15___1;EQUIPE POSTE 1;2;1013;1363
53;53;139;1;1;1;2;Assemblage;false;;Bвti_T15___1;EQUIPE POSTE 1;2;1006;1145
54;54;139;1;1;1;2;Assemblage;false;;Bвti_T15___1;EQUIPE POSTE 1;2;1013;1152
55;55;225;1;1;1;2;Assemblage;false;;Bвti_T15___1;EQUIPE POSTE 1;2;1145;1370
56;56;225;1;1;1;2;Assemblage;false;;Bвti_T15___1;EQUIPE POSTE 1;2;1152;1377
57;57;67;1;1;1;2;Assemblage;false;Perзage Eclisse C20 G;Bвti_T15___1;EQUIPE POSTE 1;2;11014;11081
58;58;693;1;1;1;2;Assemblage;false;Perзage Eclisse C20 G;Bвti_T15___1;EQUIPE POSTE 1;2;11081;12654
59;59;67;1;1;1;2;Assemblage;false;Perзage Eclisse C20 D;Bвti_T15___1;EQUIPE POSTE 1;2;11014;11081
6;6;161;1;1;1;2;Assemblage;false;;Bвti_T15___1;EQUIPE POSTE 1;2;7844;8005
60;60;693;1;1;1;2;Assemblage;false;Perзage Eclisse C20 D;Bвti_T15___1;EQUIPE POSTE 1;2;11081;12654
61;61;138;1;1;1;2;Assemblage;false;Eclisse C26 G;Bвti_T15___1;EQUIPE POSTE 1;2;8594;8732
62;62;506;1;1;1;2;Assemblage;false;Eclisse C26 G;Bвti_T15___1;EQUIPE POSTE 1;2;8732;9238
63;63;138;1;1;1;2;Assemblage;false;Eclisse C26 D;Bвti_T15___1;EQUIPE POSTE 1;2;6802;6940
64;64;506;1;1;1;2;Assemblage;false;Eclisse C26 D;Bвti_T15___1;EQUIPE POSTE 1;2;6940;8326
65;65;92;1;1;1;2;Assemblage;false;Eclisse C26 G;Bвti_T15___1;EQUIPE POSTE 1;2;9238;9330
66;66;10;1;1;1;2;Controleur;false;;Bвti_T15___1;EQUIPE POSTE 1;2;15800;15810
67;67;92;1;1;1;2;Assemblage;false;Eclisse C26 D;Bвti_T15___1;EQUIPE POSTE 1;2;8326;8418
68;68;10;1;1;1;2;Controleur;false;;Bвti_T15___1;EQUIPE POSTE 1;2;18925;18935
69;69;120;5;3;6;2;Assemblage;false;Ouverture_Fermeture_C33_C12;Bвti_T15___1;EQUIPE POSTE 1;2;3042;3162
7;7;268;1;1;1;1;Assemblage;false;;Chariot_T34_sup___1;EQUIPE POSTE 1;3;13334;15242
70;70;10;1;1;1;2;Assemblage;false;;Bвti_T15___1;EQUIPE POSTE 1;2;3218;3228
71;71;10;1;1;1;2;Assemblage;false;;Bвti_T15___1;EQUIPE POSTE 1;2;3218;3228
72;72;10;1;1;1;2;Assemblage;false;;Bвti_T15___1;EQUIPE POSTE 1;2;3218;3228
73;73;10;1;1;1;2;Assemblage;false;;Bвti_T15___1;EQUIPE POSTE 1;2;3218;3228
74;74;28;5;2;6;2;Assemblage;false;Ouverture_Fermeture_C33_C12;Bвti_T15___1;EQUIPE POSTE 1;2;3162;3190
75;75;28;5;2;6;2;Assemblage;false;Ouverture_Fermeture_C33_C12;Bвti_T15___1;EQUIPE POSTE 1;2;3190;3218
76;76;37;5;2;6;2;Assemblage;false;Ouverture_Fermeture_C33_C12;Bвti_T15___1;EQUIPE POSTE 1;2;3228;3265
77;77;19;5;2;6;2;Assemblage;false;Ouverture_Fermeture_C33_C12;Bвti_T15___1;EQUIPE POSTE 1;2;3265;3284
78;78;19;5;2;6;2;Assemblage;false;Ouverture_Fermeture_C33_C12;Bвti_T15___1;EQUIPE POSTE 1;2;3284;3303
79;79;37;5;2;6;2;Assemblage;false;Ouverture_Fermeture_C33_C12;Bвti_T15___1;EQUIPE POSTE 1;2;3303;3340
8;8;221;1;1;1;2;Assemblage;false;;Bвti_T15___1;EQUIPE POSTE 1;2;17442;17663
80;80;10;1;1;1;2;Controleur;false;;Bвti_T15___1;EQUIPE POSTE 1;2;16550;16560
81;81;184;1;1;1;2;Assemblage;false;;Bвti_T15___1;EQUIPE POSTE 1;2;3340;3524
82;82;184;1;1;1;2;Assemblage;false;;Bвti_T15___1;EQUIPE POSTE 1;2;3524;3708
83;83;393;1;1;1;2;Assemblage;false;;Bвti_T15___1;EQUIPE POSTE 1;2;3340;3733
84;84;393;1;1;1;2;Assemblage;false;;Bвti_T15___1;EQUIPE POSTE 1;2;3340;3733
85;85;46;1;1;1;1;Assemblage;false;Pose Fix pied de C12-19 G_D;Bвti_T15___1;EQUIPE POSTE 1;2;5903;5949
86;86;134;1;1;1;1;Assemblage;false;;Bвti_T15___1;EQUIPE POSTE 1;2;5949;6083
87;87;300;1;1;1;2;Assemblage;false;Pose Fix pied de C12-19 G_D;Bвti_T15___1;EQUIPE POSTE 1;2;3803;4103
88;88;402;1;1;1;2;Assemblage;false;;Bвti_T15___1;EQUIPE POSTE 1;2;4103;4505
89;89;46;1;1;1;1;Assemblage;false;Pose Fix pied de C12-19 G_D;Bвti_T15___1;EQUIPE POSTE 1;2;5723;5769
9;9;150;1;1;1;2;Assemblage;false;;Bвti_T15___1;EQUIPE POSTE 1;2;8005;8155
90;90;134;1;1;1;1;Assemblage;false;;Bвti_T15___1;EQUIPE POSTE 1;2;5769;5903
900;900;600;1;1;1;1;SW-A;false;;Posage___1;EQUIPE POSTE 2;1;17608;18208
901;901;760;1;1;1;1;SW-B;false;;Posage___1;EQUIPE POSTE 2;1;3689;6089
902;902;460;1;1;1;2;Assemblage;false;;Chariot_T34_sup___1;EQUIPE POSTE 1;3;18200;18660
903;903;150;2;2;2;1;Karman 1;false;Karman Outillage;Posage___1;EQUIPE POSTE 2;1;18124;18274
91;91;300;1;1;1;2;Assemblage;false;Pose Fix pied de C12-19 G_D;Bвti_T15___1;EQUIPE POSTE 1;2;3803;4103
92;92;402;1;1;1;2;Assemblage;false;;Bвti_T15___1;EQUIPE POSTE 1;2;4103;4505
93;93;662;1;1;1;2;Assemblage;false;ROBOT;;EQUIPE POSTE 1;3;16099;17641
94;94;368;1;1;1;2;Assemblage;false;ROBOT;;EQUIPE POSTE 1;3;17641;18009
95;95;700;1;1;1;2;Assemblage;false;ROBOT;Bвti_T15___1;EQUIPE POSTE 1;2;5492;6192
96;96;700;1;1;1;2;Assemblage;false;ROBOT;Bвti_T15___1;EQUIPE POSTE 1;2;8090;8790
97;97;1018;1;1;1;2;Assemblage;false;ROBOT;Bвti_T15___1;EQUIPE POSTE 1;2;6192;8090
98;98;1017;1;1;1;2;Assemblage;false;ROBOT;Bвti_T15___1;EQUIPE POSTE 1;2;8790;10687
99;99;127;1;1;1;2;Assemblage;false;;Bвti_T15___1;EQUIPE POSTE 1;2;3340;3467
ARDROX;ARDROX;400;1;1;1;1;Peinture;false;;Posage___1;EQUIPE POSTE 2;1;5605;6005
CTRL A866 C20 / C26;CTRL A866 C20 / C26;50;1;1;1;2;Controleur;false;;Bвti_T15___1;EQUIPE POSTE 1;2;16435;16485
CTRL AMF;CTRL AMF;100;1;1;1;1;Controleur;false;;Posage___1;EQUIPE POSTE 2;1;1360;1460
CTRL ANTENNES SUP;CTRL ANTENNES SUP;50;1;1;1;2;Controleur;false;;Bвti_T15___1;EQUIPE POSTE 1;2;16160;16210
CTRL Conduit C1;CTRL Conduit C1;50;1;1;1;1;Controleur;false;;Posage___1;EQUIPE POSTE 2;1;17684;17734
CTRL RECEPTION T12;CTRL RECEPTION T12;150;2;2;2;2;Controleur;false;;Bвti_T15___1;EQUIPE POSTE 1;2;18475;18625
CTRL RETOUCHES STADE 1;CTRL RETOUCHES STADE 1;200;1;1;1;1;Controleur;false;;Posage___1;EQUIPE POSTE 2;1;940;1140
CTRL Refueling / Switch / C33;CTRL Refueling / Switch / C33;150;1;1;1;1;Controleur;false;;Posage___1;EQUIPE POSTE 2;1;17791;17941
CTRL TRAVERSES C33 + ECLISSES C26 G-D;CTRL TRAVERSES C33 + ECLISSES C26 G-D;200;1;1;1;1;Controleur;false;;Posage___1;EQUIPE POSTE 2;1;8561;10401
CTRL antennes INF;CTRL antennes INF;50;1;1;1;1;Controleur;false;;Posage___1;EQUIPE POSTE 2;1;13386;13436
CTRL montage caisson O2;CTRL montage caisson O2;50;1;1;1;1;Controleur;false;;Posage___1;EQUIPE POSTE 2;1;18306;18356
CTRL plateau hydraulique + tuyau drainage C28;CTRL plateau hydraulique + tuyau drainage C28;150;1;1;1;1;Controleur;false;;Posage___1;EQUIPE POSTE 2;1;15889;17679
CTRL йcope + entrйe d'air;CTRL йcope + entrйe d'air;50;1;1;1;1;Controleur;false;;Posage___1;EQUIPE POSTE 2;1;13068;13118
CTRL йquipement bande а doigts REAR + cфtelettes;CTRL йquipement bande а doigts REAR + cфtelettes;200;1;1;1;1;Controleur;false;;Posage___1;EQUIPE POSTE 2;1;10669;10869
FIN STD 1-2;FIN STD 1-2;10;1;1;1;1;Karman 1;false;;Posage___1;EQUIPE POSTE 2;1;18346;18356
RMBZ Karmans INF;RMBZ Karmans INF;300;1;1;1;1;Karman 1;false;;Posage___1;EQUIPE POSTE 2;1;15942;17882
RMBZ Karmans SUP;RMBZ Karmans SUP;300;1;1;1;1;Karman 1;false;;Posage___1;EQUIPE POSTE 2;1;15866;17806
Retouches ROBOT;Retouches ROBOT;760;1;1;1;2;Assemblage;false;ROBOT;Bвti_T15___1;EQUIPE POSTE 1;2;10687;11447
